last_name, first_name,year,on_base_percent,barrel_batted_rate,whiff_percent,f_strike_percent,sprint_speed,
Martinez, Victor,2018,.297,4.7,14.3,57.5,23.2,
Mauer, Joe,2018,.350,5.0,15.1,60.4,26.0,
Choo, Shin-Soo,2018,.376,11.1,27.0,58.2,26.0,
Molina, Yadier,2018,.314,5.5,17.3,64.0,22.9,
Encarnacion, Edwin,2018,.335,11.2,26.3,57.2,24.5,
Jones, Adam,2018,.313,4.9,23.8,65.9,26.7,
Kinsler, Ian,2018,.301,3.1,12.2,57.5,26.6,
Desmond, Ian,2018,.307,7.0,28.9,65.4,28.1,
Cruz, Nelson,2018,.342,13.8,30.6,54.3,24.9,
Peralta, David,2018,.352,7.8,23.7,61.7,27.2,
Escobar, Alcides,2018,.275,2.1,20.5,65.9,27.6,
Jay, Jon,2018,.328,1.8,20.0,62.6,26.0,
Longoria, Evan,2018,.281,7.6,20.6,62.5,26.9,
Davis, Chris,2018,.243,10.3,34.4,58.6,25.5,
Zobrist, Ben,2018,.377,3.0,14.3,58.1,26.7,
Cabrera, Asdrubal,2018,.316,7.2,22.7,61.0,25.4,
Blackmon, Charlie,2018,.358,6.5,20.4,60.2,27.6,
Markakis, Nick,2018,.366,3.1,11.4,56.9,26.4,
Nunez, Eduardo,2018,.289,3.4,15.8,61.0,27.5,
Cain, Lorenzo,2018,.395,3.4,17.8,60.2,28.6,
McCutchen, Andrew,2018,.368,8.4,22.5,56.0,28.7,
Upton, Justin,2018,.344,14.0,31.5,57.6,27.8,
Votto, Joey,2018,.417,6.7,17.9,55.9,25.4,
Gardner, Brett,2018,.320,2.8,13.7,55.0,29.1,
Gordon, Alex,2018,.324,6.8,24.0,60.9,25.5,
Kemp, Matt,2018,.338,11.0,29.4,64.4,26.2,
Santana, Carlos,2018,.352,6.9,19.4,58.2,26.0,
Gonzalez, Carlos,2018,.329,6.2,29.5,60.5,27.5,
Alonso, Yonder,2018,.317,9.8,25.4,57.3,23.3,
Smoak, Justin,2018,.350,10.8,25.3,55.6,23.8,
Lowrie, Jed,2018,.353,5.3,20.3,59.3,26.7,
Brantley, Michael,2018,.363,3.5,11.0,58.2,26.1,
Gurriel, Yuli,2018,.323,1.9,15.7,63.4,27.6,
Solarte, Yangervis,2018,.277,4.5,17.4,60.8,24.7,
Rojas, Miguel,2018,.295,0.9,15.5,60.2,26.5,
Escobar, Eduardo,2018,.334,8.3,24.0,61.6,27.8,
Martinez, Jose,2018,.363,9.4,21.4,58.8,26.5,
Davis, Khris,2018,.326,17.2,33.7,61.6,26.2,
Pham, Tommy,2018,.367,10.1,25.5,61.1,28.6,
Martinez, J.D.,2018,.402,16.0,28.2,59.5,26.8,
Goldschmidt, Paul,2018,.388,13.6,26.4,59.1,26.9,
Gonzalez, Marwin,2018,.321,6.8,24.8,58.5,26.4,
Altuve, Jose,2018,.384,5.9,17.9,67.8,28.1,
Hernandez, Cesar,2018,.356,4.2,20.4,58.3,29.1,
Segura, Jean,2018,.339,3.6,12.8,61.1,27.9,
Castro, Starlin,2018,.329,6.9,22.8,60.4,27.4,
Marte, Starling,2018,.327,7.5,24.3,63.5,28.6,
Dietrich, Derek,2018,.330,6.1,25.4,60.3,26.9,
Freeman, Freddie,2018,.388,9.3,24.3,60.3,26.7,
Grandal, Yasmani,2018,.349,11.9,28.0,54.2,24.5,
LeMahieu, DJ,2018,.320,5.2,14.0,60.4,27.1,
Moustakas, Mike,2018,.315,8.8,21.9,59.2,25.7,
Rizzo, Anthony,2018,.376,6.5,17.1,57.0,25.5,
Stanton, Giancarlo,2018,.343,15.1,34.4,57.0,27.8,
Galvis, Freddy,2018,.299,3.9,26.4,62.5,26.8,
Perez, Salvador,2018,.274,10.8,23.8,67.1,25.0,
Inciarte, Ender,2018,.323,1.5,14.7,63.2,27.9,
Ozuna, Marcell,2018,.325,9.7,24.3,61.3,27.8,
Villar, Jonathan,2018,.324,5.1,29.7,65.8,27.6,
Aguilar, Jesus,2018,.352,11.4,28.7,58.1,24.7,
Crawford, Brandon,2018,.325,3.6,29.2,62.0,25.8,
Cron, C.J.,2018,.323,12.2,29.1,58.9,26.3,
Hicks, Aaron,2018,.365,8.8,23.4,53.0,28.1,
Hosmer, Eric,2018,.322,5.9,27.6,56.4,26.3,
Kipnis, Jason,2018,.314,6.6,20.9,52.7,26.9,
Rendon, Anthony,2018,.374,10.3,13.9,62.3,27.3,
Semien, Marcus,2018,.317,4.5,20.4,61.2,28.3,
Shaw, Travis,2018,.344,10.3,20.4,54.3,26.7,
Springer, George,2018,.344,8.9,24.6,57.1,27.7,
Strange-Gordon, Dee,2018,.284,0.2,15.6,64.8,29.0,
Gregorius, Didi,2018,.334,4.7,19.6,59.4,28.0,
Trout, Mike,2018,.459,16.5,18.6,58.1,29.2,
Herrera, Odubel,2018,.310,4.9,27.7,64.3,26.6,
Harper, Bryce,2018,.393,11.5,31.6,57.4,27.5,
Abreu, Jose,2018,.325,9.1,24.6,62.4,26.7,
Suarez, Eugenio,2018,.366,9.7,25.7,59.6,26.2,
Polanco, Gregory,2018,.338,9.4,24.0,57.6,27.8,
Sanchez, Yolmer,2018,.305,3.0,21.7,61.0,28.1,
Arenado, Nolan,2018,.373,7.4,24.6,58.4,25.7,
Barnhart, Tucker,2018,.326,3.5,20.4,55.9,25.0,
Gennett, Scooter,2018,.356,5.8,20.4,61.8,26.4,
Hamilton, Billy,2018,.299,0.5,23.9,65.5,30.1,
Haniger, Mitch,2018,.366,10.3,23.3,58.3,27.8,
Piscotty, Stephen,2018,.331,9.6,25.5,65.0,26.7,
Seager, Kyle,2018,.273,5.6,22.4,59.0,25.9,
Carpenter, Matt,2018,.374,13.7,24.4,52.9,26.5,
Dickerson, Corey,2018,.330,6.1,22.0,63.6,27.8,
Dozier, Brian,2018,.305,6.3,22.8,56.5,26.8,
Contreras, Willson,2018,.338,7.3,28.1,59.0,27.6,
Castellanos, Nick,2018,.354,11.2,30.2,65.3,27.7,
Healy, Ryon,2018,.277,7.1,25.4,60.3,26.0,
Machado, Manny,2018,.367,11.3,22.2,56.3,26.3,
Realmuto, J.T.,2018,.339,9.0,22.5,60.6,28.6,
Rosario, Eddie,2018,.323,8.3,23.4,61.5,28.0,
Simmons, Andrelton,2018,.337,4.1,13.7,59.7,27.1,
Yelich, Christian,2018,.402,12.9,23.0,60.5,28.7,
Merrifield, Whit,2018,.366,4.6,19.1,59.1,29.0,
Bogaerts, Xander,2018,.360,9.8,21.1,56.8,27.8,
Calhoun, Kole,2018,.283,9.3,28.5,58.2,26.1,
Profar, Jurickson,2018,.335,5.0,18.7,60.3,27.6,
Baez, Javier,2018,.326,12.6,33.9,66.5,28.8,
Lindor, Francisco,2018,.350,9.3,17.7,55.8,28.4,
Odor, Rougned,2018,.325,7.1,23.3,60.9,28.1,
Story, Trevor,2018,.348,12.7,24.9,60.5,29.6,
Kepler, Max,2018,.319,6.6,18.0,58.1,27.9,
Bradley Jr., Jackie,2018,.314,10.3,30.8,61.5,27.8,
Candelario, Jeimer,2018,.317,6.0,25.6,55.6,27.3,
Ahmed, Nick,2018,.289,5.1,25.4,65.4,28.2,
Anderson, Brian,2018,.357,5.8,24.3,58.2,27.1,
Bell, Josh,2018,.357,7.0,24.4,55.4,27.1,
Betts, Mookie,2018,.438,14.1,15.5,56.2,28.1,
Smith, Mallex,2018,.362,1.5,25.6,61.2,29.8,
Hernandez, Teoscar,2018,.302,15.5,38.5,64.1,28.6,
Peraza, Jose,2018,.322,2.5,14.0,62.1,28.8,
Marte, Ketel,2018,.331,5.0,16.2,58.4,28.7,
Nimmo, Brandon,2018,.404,6.5,26.6,63.0,28.5,
Turner, Trea,2018,.343,5.8,20.5,62.4,30.1,
Pillar, Kevin,2018,.282,5.7,22.4,60.7,27.8,
Ramirez, Jose,2018,.387,8.3,13.7,53.0,27.5,
Bregman, Alex,2018,.394,7.6,12.9,54.2,27.8,
Gallo, Joey,2018,.312,22.5,41.0,59.6,27.6,
Mazara, Nomar,2018,.317,8.5,25.4,56.7,26.8,
Andujar, Miguel,2018,.328,6.3,19.7,66.3,27.8,
Swanson, Dansby,2018,.300,4.1,25.5,64.0,29.4,
Taylor, Chris,2018,.331,8.3,31.6,62.6,28.7,
Wendle, Joey,2018,.352,2.7,20.6,57.2,28.3,
Olson, Matt,2018,.335,12.2,27.6,54.1,25.9,
Duffy, Matt,2018,.361,1.2,17.4,63.4,27.7,
Margot, Manuel,2018,.291,3.3,21.3,62.0,29.4,
Camargo, Johan,2018,.349,5.0,26.6,57.6,26.3,
Conforto, Michael,2018,.350,9.5,27.7,58.5,27.8,
Anderson, Tim,2018,.281,4.7,27.8,63.7,28.7,
Bellinger, Cody,2018,.343,8.6,29.7,58.1,28.8,
Mancini, Trey,2018,.299,11.8,27.6,61.9,27.0,
Rosario, Amed,2018,.294,3.9,26.1,67.2,29.4,
Benintendi, Andrew,2018,.365,6.4,19.3,56.6,27.7,
Albies, Ozzie,2018,.304,4.7,22.2,63.5,28.7,
Chapman, Matt,2018,.356,8.9,23.6,58.0,28.3,
Hoskins, Rhys,2018,.353,11.4,21.8,52.7,26.3,
Schwarber, Kyle,2018,.355,12.7,30.2,55.9,27.1,
Moncada, Yoan,2018,.314,9.6,31.1,61.2,28.8,
Pujols, Albert,2019,.305,5.8,18.2,56.3,22.5,
Cabrera, Miguel,2019,.346,6.4,24.4,62.7,23.5,
Choo, Shin-Soo,2019,.371,8.8,29.5,59.2,26.6,
Jones, Adam,2019,.313,6.7,27.0,62.2,26.8,
Cruz, Nelson,2019,.392,19.9,32.5,54.8,25.3,
Longoria, Evan,2019,.325,7.5,25.7,60.4,26.4,
Fowler, Dexter,2019,.345,7.4,27.2,59.9,27.7,
Cabrera, Asdrubal,2019,.342,5.7,20.7,58.0,25.4,
Blackmon, Charlie,2019,.364,8.3,19.6,62.0,26.8,
Cain, Lorenzo,2019,.324,4.1,19.2,60.4,27.8,
Turner, Justin,2019,.372,7.8,17.1,58.7,26.1,
Votto, Joey,2019,.357,6.9,19.6,59.0,25.0,
Gardner, Brett,2019,.325,3.9,19.7,53.5,28.9,
Braun, Ryan,2019,.341,9.8,24.9,61.6,26.6,
Gordon, Alex,2019,.344,5.4,22.0,59.6,25.4,
Andrus, Elvis,2019,.313,3.5,19.6,63.7,26.7,
Ramos, Wilson,2019,.351,4.7,20.5,64.1,22.9,
Santana, Carlos,2019,.397,9.6,20.4,54.4,25.7,
Belt, Brandon,2019,.339,8.7,22.9,58.3,24.8,
Brantley, Michael,2019,.372,5.5,10.8,60.0,26.4,
Gurriel, Yuli,2019,.343,3.6,14.8,64.9,27.6,
Rojas, Miguel,2019,.331,2.6,16.5,66.9,26.4,
Escobar, Eduardo,2019,.320,7.0,24.8,61.5,27.6,
Davis, Khris,2019,.293,9.8,34.9,58.0,25.6,
Pham, Tommy,2019,.369,7.9,20.2,58.3,28.6,
Martinez, J.D.,2019,.382,11.8,26.7,61.6,26.7,
Reddick, Josh,2019,.316,3.4,14.7,60.2,26.7,
Goldschmidt, Paul,2019,.345,11.3,26.3,64.7,26.6,
Altuve, Jose,2019,.352,8.1,20.8,65.3,28.6,
Hernandez, Cesar,2019,.333,2.7,17.2,62.1,28.7,
Segura, Jean,2019,.322,3.2,14.7,61.5,27.5,
Castro, Starlin,2019,.300,6.2,19.1,60.2,26.9,
Marte, Starling,2019,.341,8.0,25.1,62.6,29.0,
Donaldson, Josh,2019,.379,15.7,29.9,58.4,25.8,
Freeman, Freddie,2019,.389,12.5,24.3,55.1,26.4,
Grandal, Yasmani,2019,.380,11.3,25.5,57.0,24.2,
Heyward, Jason,2019,.343,5.7,22.7,54.5,27.4,
LeMahieu, DJ,2019,.374,7.5,16.0,58.3,26.7,
Moustakas, Mike,2019,.329,10.3,25.0,52.2,25.7,
Rizzo, Anthony,2019,.405,6.8,19.7,51.4,25.3,
Galvis, Freddy,2019,.295,5.5,28.7,61.4,25.9,
Garcia, Avisail,2019,.332,11.7,32.0,62.3,28.8,
Ozuna, Marcell,2019,.328,12.1,27.6,58.8,27.4,
Villar, Jonathan,2019,.338,6.8,27.6,63.3,27.9,
Santana, Danny,2019,.323,9.5,32.1,62.4,27.7,
Crawford, Brandon,2019,.304,5.4,28.3,62.5,25.7,
Hosmer, Eric,2019,.310,7.2,28.9,57.9,25.8,
Kipnis, Jason,2019,.301,5.5,20.4,56.9,26.8,
Rendon, Anthony,2019,.412,12.0,12.9,57.6,26.7,
Semien, Marcus,2019,.369,8.5,18.3,63.3,28.1,
Springer, George,2019,.383,14.1,26.5,61.3,28.4,
Vazquez, Christian,2019,.319,5.9,20.5,64.1,25.6,
Wong, Kolten,2019,.357,2.2,18.5,57.0,27.6,
Garcia, Leury,2019,.304,3.8,24.7,62.8,28.5,
Grichuk, Randal,2019,.280,8.5,28.1,61.6,28.1,
Trout, Mike,2019,.438,18.9,19.2,52.5,29.3,
Harper, Bryce,2019,.372,14.8,34.0,59.5,28.3,
Abreu, Jose,2019,.330,12.8,25.3,57.7,26.6,
Suarez, Eugenio,2019,.358,14.0,28.7,61.8,25.9,
Santana, Domingo,2019,.327,12.1,31.9,62.5,26.7,
Sanchez, Yolmer,2019,.314,1.0,22.9,61.8,27.7,
Arenado, Nolan,2019,.379,8.0,20.9,62.1,25.9,
Muncy, Max,2019,.374,12.0,29.0,55.0,27.7,
Voit, Luke,2019,.378,13.2,35.1,59.8,25.8,
Walker, Christian,2019,.348,13.1,28.8,58.9,27.2,
Iglesias, Jose,2019,.317,2.5,15.3,64.9,27.2,
Bryant, Kris,2019,.382,9.3,28.4,58.4,28.2,
Castellanos, Nick,2019,.337,10.9,26.9,61.9,27.9,
Machado, Manny,2019,.334,8.0,24.2,61.7,26.4,
Moran, Colin,2019,.322,7.4,24.8,65.0,25.3,
Pederson, Joc,2019,.339,10.3,24.2,57.8,26.2,
Realmuto, J.T.,2019,.327,8.7,23.8,58.3,28.7,
Rosario, Eddie,2019,.300,8.5,21.3,59.5,27.1,
Yelich, Christian,2019,.429,15.8,28.2,54.9,28.7,
Merrifield, Whit,2019,.348,4.3,20.1,60.5,28.6,
Bogaerts, Xander,2019,.384,8.4,20.9,57.2,28.0,
Alberto, Hanser,2019,.327,2.9,14.6,66.2,26.8,
Polanco, Jorge,2019,.355,6.7,17.4,59.5,28.2,
Calhoun, Kole,2019,.324,11.2,32.2,59.3,25.9,
Eaton, Adam,2019,.360,3.8,17.8,57.9,28.3,
Profar, Jurickson,2019,.301,6.5,20.2,57.5,26.7,
Baez, Javier,2019,.316,12.7,35.7,65.8,28.6,
Lindor, Francisco,2019,.335,7.5,17.1,57.6,27.5,
Odor, Rougned,2019,.282,13.6,29.4,57.1,28.0,
Story, Trevor,2019,.363,8.6,26.5,57.9,29.2,
Vogelbach, Daniel,2019,.341,10.8,26.9,52.0,24.1,
Kepler, Max,2019,.336,8.9,20.1,62.9,27.7,
Bradley Jr., Jackie,2019,.316,9.6,32.7,61.4,27.6,
Nunez, Renato,2019,.311,10.7,27.4,59.9,27.1,
Ahmed, Nick,2019,.315,6.6,21.3,62.9,28.2,
Anderson, Brian,2019,.342,8.9,27.4,62.7,27.0,
Bell, Josh,2019,.367,12.7,25.3,55.0,26.7,
Betts, Mookie,2019,.391,10.3,14.5,55.1,27.9,
Smith, Mallex,2019,.299,2.2,28.6,62.9,29.4,
Arcia, Orlando,2019,.282,4.6,24.6,60.3,26.4,
Marte, Ketel,2019,.389,9.3,17.7,58.1,27.9,
Turner, Trea,2019,.353,6.8,23.4,62.5,30.4,
Pillar, Kevin,2019,.287,4.9,17.8,64.5,28.0,
Ramirez, Jose,2019,.327,6.3,14.6,56.8,27.8,
Bregman, Alex,2019,.423,4.8,14.3,55.2,27.4,
Seager, Corey,2019,.335,7.3,25.7,58.2,26.9,
Reyes, Franmil,2019,.310,14.8,36.5,62.6,26.6,
Swanson, Dansby,2019,.325,10.1,27.6,56.3,28.7,
Newman, Kevin,2019,.352,2.1,13.9,63.8,28.5,
Olson, Matt,2019,.351,14.5,28.2,55.8,26.2,
Alonso, Pete,2019,.358,15.8,28.0,59.0,26.5,
Conforto, Michael,2019,.363,11.9,27.1,60.0,27.5,
Frazier, Adam,2019,.334,1.9,15.6,55.4,27.2,
Puig, Yasiel,2019,.327,9.4,28.2,60.6,28.2,
Soler, Jorge,2019,.352,16.9,32.5,61.4,27.0,
Meadows, Austin,2019,.364,12.5,23.5,60.9,28.1,
Anderson, Tim,2019,.357,5.1,24.5,62.0,28.7,
Bellinger, Cody,2019,.405,13.0,23.5,54.0,28.8,
Dozier, Hunter,2019,.348,10.0,27.0,60.6,28.3,
Mancini, Trey,2019,.364,10.3,26.9,63.0,26.7,
McMahon, Ryan,2019,.328,9.0,32.5,62.7,26.4,
Rosario, Amed,2019,.322,4.2,24.3,62.3,29.2,
Adames, Willy,2019,.315,8.4,27.2,62.8,28.3,
Benintendi, Andrew,2019,.341,8.1,25.3,61.8,27.1,
McNeil, Jeff,2019,.384,4.8,20.0,64.4,27.2,
Albies, Ozzie,2019,.352,6.6,23.0,64.1,28.6,
Robles, Victor,2019,.323,4.8,23.5,62.1,29.3,
Devers, Rafael,2019,.360,9.0,24.0,61.1,27.1,
Jimenez, Eloy,2019,.315,12.8,32.8,66.9,27.7,
Torres, Gleyber,2019,.336,10.1,28.0,61.1,26.5,
Chapman, Matt,2019,.342,12.1,23.7,57.5,28.1,
Hoskins, Rhys,2019,.363,9.7,23.2,54.0,25.9,
Schwarber, Kyle,2019,.339,14.5,28.1,55.6,27.1,
DeJong, Paul,2019,.318,8.6,24.2,61.6,27.6,
Moncada, Yoan,2019,.367,12.2,31.0,64.6,27.8,
Acuna Jr., Ronald,2019,.364,15.0,27.7,61.4,29.4,
Fletcher, David,2019,.349,0.2,9.8,55.6,27.6,
Guerrero Jr., Vladimir,2019,.339,7.7,24.5,64.2,26.3,
Soto, Juan,2019,.401,12.3,24.0,55.5,27.3,
Reynolds, Bryan,2019,.377,6.7,26.3,60.8,28.1,
Hunter, Torii,2015,.293,5.0,23.2,64.0,26.5,
Ortiz, David,2015,.360,13.1,23.2,52.1,23.1,
Rodriguez, Alex,2015,.356,10.9,32.0,60.3,23.9,
Ramirez, Aramis,2015,.297,5.6,17.9,65.5,24.3,
Beltre, Adrian,2015,.334,5.5,16.8,61.9,26.4,
Beltran, Carlos,2015,.337,5.8,18.1,57.3,25.6,
Rollins, Jimmy,2015,.284,2.5,18.2,56.5,27.1,
Pujols, Albert,2015,.307,7.7,16.3,56.0,23.5,
Byrd, Marlon,2015,.290,8.2,31.2,70.4,28.0,
Mauer, Joe,2015,.338,3.7,16.9,57.2,26.5,
Cabrera, Miguel,2015,.440,10.6,23.1,57.5,24.2,
Gonzalez, Adrian,2015,.350,8.1,21.6,54.4,24.0,
Phillips, Brandon,2015,.327,2.3,18.9,62.3,25.8,
Reyes, Jose,2015,.304,0.2,16.4,61.1,27.4,
Peralta, Jhonny,2015,.334,4.4,23.1,60.5,26.0,
Choo, Shin-Soo,2015,.374,8.4,27.0,57.9,26.9,
Molina, Yadier,2015,.309,2.3,17.0,62.3,23.4,
Fielder, Prince,2015,.378,6.4,20.7,56.1,24.9,
Cano, Robinson,2015,.334,7.1,19.1,59.2,24.7,
Encarnacion, Edwin,2015,.372,10.0,23.1,55.6,25.2,
Howard, Ryan,2015,.276,11.7,31.9,57.9,24.3,
Bautista, Jose,2015,.377,12.6,20.4,53.0,25.6,
Jones, Adam,2015,.308,9.2,24.3,65.4,28.1,
Aybar, Erick,2015,.298,0.9,13.4,63.6,28.0,
Martin, Russell,2015,.329,8.2,23.5,57.8,26.3,
Granderson, Curtis,2015,.364,8.3,20.8,53.1,27.6,
Pagan, Angel,2015,.303,0.7,12.4,56.7,28.2,
Morales, Kendrys,2015,.362,8.9,22.9,54.8,24.3,
Kinsler, Ian,2015,.342,2.7,12.3,60.6,26.9,
McCann, Brian,2015,.320,5.3,17.4,55.9,23.2,
Walker, Neil,2015,.328,4.8,19.6,63.0,26.3,
Desmond, Ian,2015,.287,6.9,29.0,65.8,28.7,
Cruz, Nelson,2015,.369,14.1,30.8,59.2,26.2,
Trumbo, Mark,2015,.310,9.8,30.9,60.7,27.1,
Peralta, David,2015,.371,7.7,24.6,62.9,27.6,
Escobar, Alcides,2015,.289,0.9,18.2,68.4,27.4,
Prado, Martin,2015,.338,2.3,11.6,63.3,26.8,
Duda, Lucas,2015,.352,11.6,24.9,51.3,25.2,
Longoria, Evan,2015,.328,8.5,23.7,59.1,27.4,
Davis, Chris,2015,.361,17.6,35.7,62.1,26.9,
Zobrist, Ben,2015,.359,3.6,12.6,54.8,27.2,
Fowler, Dexter,2015,.345,4.5,22.0,59.0,28.5,
Headley, Chase,2015,.324,5.1,21.3,57.5,25.6,
Lind, Adam,2015,.360,7.2,21.2,54.5,24.0,
Cabrera, Asdrubal,2015,.314,5.4,23.4,65.0,26.6,
Tulowitzki, Troy,2015,.337,5.3,23.0,57.9,26.1,
Blackmon, Charlie,2015,.345,3.7,15.9,57.8,27.9,
Frazier, Todd,2015,.308,9.0,24.9,60.3,25.7,
Markakis, Nick,2015,.370,0.8,11.6,56.0,25.6,
Butler, Billy,2015,.323,7.5,18.8,62.2,23.6,
Cain, Lorenzo,2015,.361,5.5,19.1,59.9,28.9,
McCutchen, Andrew,2015,.401,9.3,26.1,55.6,28.5,
Jackson, Austin,2015,.309,3.8,22.2,61.7,28.2,
Upton, Justin,2015,.335,10.3,31.9,57.9,28.0,
Maybin, Cameron,2015,.326,2.7,20.5,60.7,29.1,
Posey, Buster,2015,.379,6.1,13.3,59.2,25.4,
Bruce, Jay,2015,.294,8.1,25.2,58.9,25.9,
Votto, Joey,2015,.459,10.7,24.0,54.5,25.3,
Coghlan, Chris,2015,.340,5.5,19.8,56.1,26.5,
Gardner, Brett,2015,.338,4.0,21.5,52.3,28.8,
Braun, Ryan,2015,.356,10.7,22.9,64.3,27.3,
Moss, Brandon,2015,.304,11.7,29.6,58.0,26.9,
Kemp, Matt,2015,.312,8.3,26.3,58.3,25.9,
Plouffe, Trevor,2015,.307,7.9,21.0,64.6,26.3,
Andrus, Elvis,2015,.306,1.5,15.0,62.3,27.7,
Cervelli, Francisco,2015,.367,4.1,19.0,60.8,26.2,
Cabrera, Melky,2015,.313,2.4,13.4,61.3,25.8,
Sandoval, Pablo,2015,.291,4.8,19.2,65.0,24.7,
Ramos, Wilson,2015,.258,6.3,24.3,65.9,24.0,
Santana, Carlos,2015,.357,7.2,19.4,48.2,25.5,
Parra, Gerardo,2015,.326,3.0,18.5,66.4,26.6,
Gonzalez, Carlos,2015,.324,11.0,30.8,57.4,26.4,
Belt, Brandon,2015,.356,10.0,28.3,60.1,26.7,
Brantley, Michael,2015,.379,3.9,8.7,58.6,26.0,
Escobar, Yunel,2015,.374,3.0,17.8,63.9,25.6,
Morrison, Logan,2015,.301,6.9,18.5,57.9,26.6,
Cespedes, Yoenis,2015,.328,11.3,23.7,58.4,28.4,
Ramirez, Alexei,2015,.285,1.0,15.7,67.0,26.6,
Solarte, Yangervis,2015,.319,2.1,13.3,58.1,25.4,
Martinez, J.D.,2015,.344,17.6,30.8,64.1,27.8,
Reddick, Josh,2015,.330,5.0,16.1,56.2,27.8,
Murphy, Daniel,2015,.322,4.9,9.0,57.2,25.7,
Goldschmidt, Paul,2015,.435,12.5,25.2,54.2,27.4,
Altuve, Jose,2015,.351,3.1,11.4,65.5,28.4,
Segura, Jean,2015,.279,1.3,17.5,66.4,28.7,
Castro, Starlin,2015,.296,4.3,19.7,56.9,27.5,
Marte, Starling,2015,.335,6.9,26.3,69.7,29.6,
Donaldson, Josh,2015,.370,12.2,25.3,57.0,26.7,
Heyward, Jason,2015,.357,2.8,16.2,52.6,27.4,
LeMahieu, DJ,2015,.356,1.9,16.7,58.7,27.3,
Moreland, Mitch,2015,.330,10.4,25.7,57.3,25.0,
Moustakas, Mike,2015,.345,6.4,16.7,58.1,25.8,
Norris, Derek,2015,.305,2.3,21.5,59.1,27.9,
Revere, Ben,2015,.339,0.0,10.7,56.6,28.4,
Rizzo, Anthony,2015,.387,8.0,19.2,54.8,26.1,
Vogt, Stephen,2015,.341,5.6,18.5,55.2,26.1,
Galvis, Freddy,2015,.299,2.4,19.2,64.2,27.1,
Perez, Salvador,2015,.280,5.3,18.0,60.6,25.6,
Forsythe, Logan,2015,.359,3.4,18.6,61.6,28.5,
Flores, Wilmer,2015,.294,1.9,14.3,61.0,25.8,
Garcia, Avisail,2015,.309,4.8,31.1,65.6,29.1,
Inciarte, Ender,2015,.337,1.1,11.6,62.0,28.0,
Burns, Billy,2015,.333,0.5,16.4,67.9,29.1,
Crawford, Brandon,2015,.321,8.7,28.1,62.4,26.8,
Giavotella, Johnny,2015,.313,1.0,14.9,61.4,27.9,
Gose, Anthony,2015,.320,2.3,27.3,62.6,28.3,
Hosmer, Eric,2015,.363,7.1,20.6,57.0,27.1,
Kipnis, Jason,2015,.370,2.8,17.0,56.2,27.3,
Lawrie, Brett,2015,.297,4.7,26.3,63.6,29.5,
Semien, Marcus,2015,.309,4.5,22.4,58.2,28.9,
Strange-Gordon, Dee,2015,.355,1.1,14.2,65.1,29.1,
Wong, Kolten,2015,.321,3.0,19.6,56.3,27.4,
Gregorius, Didi,2015,.317,1.6,22.7,63.3,28.4,
Trout, Mike,2015,.402,16.4,22.0,56.7,29.6,
Herrera, Odubel,2015,.341,3.2,25.5,62.9,27.8,
Harper, Bryce,2015,.460,12.9,27.0,54.7,27.7,
Abreu, Jose,2015,.347,9.3,24.9,57.8,25.7,
Polanco, Gregory,2015,.319,4.4,20.0,57.4,28.5,
Arenado, Nolan,2015,.323,8.3,21.1,60.3,26.1,
Holt, Brock,2015,.346,0.6,15.2,62.5,28.5,
Owings, Chris,2015,.261,2.6,26.1,66.8,28.6,
Pollock, AJ,2015,.367,5.7,16.9,63.7,29.0,
Seager, Kyle,2015,.328,7.0,17.7,58.5,26.0,
Taylor, Michael A.,2015,.282,6.3,33.7,65.0,28.7,
Carpenter, Matt,2015,.365,9.1,21.7,61.1,26.9,
Dozier, Brian,2015,.307,5.9,22.3,60.5,27.8,
Bryant, Kris,2015,.369,11.5,35.6,60.9,28.6,
Castellanos, Nick,2015,.303,7.7,29.7,64.4,26.5,
Machado, Manny,2015,.358,7.6,17.6,58.1,27.4,
Pederson, Joc,2015,.345,11.8,36.1,56.9,27.2,
Simmons, Andrelton,2015,.321,1.0,11.9,64.3,27.0,
Yelich, Christian,2015,.366,4.8,22.4,56.6,28.8,
Bogaerts, Xander,2015,.353,2.5,20.3,62.4,28.3,
Calhoun, Kole,2015,.308,6.8,28.0,64.6,26.5,
Eaton, Adam,2015,.358,3.1,18.7,58.6,28.9,
Gattis, Evan,2015,.285,7.1,25.0,60.4,27.4,
Kiermaier, Kevin,2015,.297,2.4,21.2,64.7,29.7,
Betts, Mookie,2015,.339,5.7,14.7,61.5,28.7,
Peterson, Jace,2015,.310,3.3,22.9,59.3,28.5,
Pillar, Kevin,2015,.312,1.8,18.3,65.1,28.7,
Russell, Addison,2015,.306,4.9,31.1,61.4,28.0,
Duffy, Matt,2015,.333,4.0,18.1,64.4,28.3,
Ortiz, David,2016,.401,15.5,19.3,52.0,23.6,
Beltre, Adrian,2016,.358,8.5,15.2,60.3,25.9,
Beltran, Carlos,2016,.337,6.8,19.6,58.5,25.7,
Werth, Jayson,2016,.335,7.4,20.9,56.8,25.8,
Martinez, Victor,2016,.351,8.4,17.2,57.7,22.6,
Utley, Chase,2016,.319,4.3,18.9,59.3,27.4,
Pujols, Albert,2016,.323,9.4,15.7,55.8,22.6,
Mauer, Joe,2016,.363,6.0,15.4,60.1,26.4,
Cabrera, Miguel,2016,.393,15.9,22.5,58.5,24.4,
Gonzalez, Adrian,2016,.349,4.6,23.0,56.1,24.1,
Phillips, Brandon,2016,.318,2.7,19.1,65.8,26.0,
Upton, B.J.,2016,.289,5.8,34.7,65.7,28.2,
Molina, Yadier,2016,.360,3.6,15.2,62.5,23.8,
Cano, Robinson,2016,.350,7.5,17.3,59.7,24.8,
Encarnacion, Edwin,2016,.356,12.1,23.6,57.7,25.3,
Bautista, Jose,2016,.366,8.3,21.3,56.1,25.3,
Jones, Adam,2016,.310,8.0,26.2,63.1,28.0,
Martin, Russell,2016,.335,9.3,30.0,55.9,25.4,
Granderson, Curtis,2016,.335,6.9,22.1,55.0,27.3,
Pagan, Angel,2016,.330,3.0,11.6,57.8,27.7,
Ramirez, Hanley,2016,.361,10.4,23.9,61.1,26.8,
Morales, Kendrys,2016,.327,10.8,24.0,55.3,24.3,
Kendrick, Howie,2016,.326,5.8,20.8,63.7,26.7,
Napoli, Mike,2016,.335,13.3,30.5,57.1,24.8,
Kinsler, Ian,2016,.348,3.8,15.9,61.4,26.8,
Desmond, Ian,2016,.335,7.5,27.5,65.9,28.6,
Cruz, Nelson,2016,.360,16.5,29.1,57.7,26.1,
Trumbo, Mark,2016,.316,15.6,29.3,63.6,27.0,
Escobar, Alcides,2016,.287,1.4,21.0,67.9,27.5,
Prado, Martin,2016,.359,1.3,10.5,64.0,26.7,
Longoria, Evan,2016,.318,12.1,26.1,61.8,27.4,
Cozart, Zack,2016,.307,2.3,18.7,60.6,25.9,
Davis, Chris,2016,.332,15.1,37.1,58.0,26.5,
Zobrist, Ben,2016,.384,4.5,13.0,56.7,27.3,
Fowler, Dexter,2016,.392,5.6,22.1,58.1,28.3,
Headley, Chase,2016,.331,5.9,24.9,59.4,25.8,
Span, Denard,2016,.328,2.8,14.0,58.9,27.9,
Cabrera, Asdrubal,2016,.336,5.7,23.1,59.7,25.5,
Ellsbury, Jacoby,2016,.321,1.7,16.7,62.8,27.9,
Tulowitzki, Troy,2016,.318,9.6,20.9,59.4,25.5,
Blackmon, Charlie,2016,.379,6.8,17.1,54.6,27.7,
Frazier, Todd,2016,.302,10.1,28.3,60.7,26.2,
Markakis, Nick,2016,.346,4.9,12.8,55.4,25.5,
Pedroia, Dustin,2016,.375,2.5,12.2,58.0,26.5,
Nunez, Eduardo,2016,.324,4.4,17.2,63.7,28.0,
McCutchen, Andrew,2016,.336,8.5,25.5,58.5,29.1,
Upton, Justin,2016,.310,12.5,30.9,55.6,27.4,
Turner, Justin,2016,.339,8.8,18.6,60.5,26.2,
Posey, Buster,2016,.362,6.9,14.1,60.7,25.2,
Espinosa, Danny,2016,.303,8.5,33.2,54.4,27.7,
Bruce, Jay,2016,.309,8.7,26.0,57.0,26.8,
Votto, Joey,2016,.434,9.7,18.6,54.4,25.0,
Gardner, Brett,2016,.349,2.4,15.3,52.4,28.7,
Saunders, Michael,2016,.337,7.7,29.2,55.2,26.9,
Braun, Ryan,2016,.365,8.4,20.9,59.4,27.4,
Gordon, Alex,2016,.312,8.7,29.4,59.5,26.2,
Kemp, Matt,2016,.304,11.1,29.4,63.2,25.3,
Andrus, Elvis,2016,.359,1.8,16.3,64.1,27.4,
Cabrera, Melky,2016,.344,2.1,14.0,55.4,25.6,
Ramos, Wilson,2016,.354,7.4,19.1,60.8,24.1,
Santana, Carlos,2016,.366,9.8,19.2,52.6,25.9,
Gonzalez, Carlos,2016,.350,8.6,30.7,57.3,27.0,
Mercer, Jordy,2016,.324,2.2,15.1,61.6,27.6,
Belt, Brandon,2016,.394,11.3,25.3,56.3,26.4,
Carter, Chris,2016,.321,17.6,38.4,58.7,26.6,
Alonso, Yonder,2016,.316,4.1,17.7,61.7,24.6,
Escobar, Yunel,2016,.353,2.8,16.6,65.0,25.6,
Cespedes, Yoenis,2016,.354,9.8,24.7,59.3,27.1,
Ramirez, Alexei,2016,.277,0.5,16.6,63.6,26.6,
Davis, Khris,2016,.307,17.0,33.9,63.9,27.1,
Martinez, J.D.,2016,.373,14.2,29.3,61.5,27.0,
Valencia, Danny,2016,.346,7.8,28.2,59.2,27.0,
Murphy, Daniel,2016,.390,8.5,12.0,56.0,26.5,
Goldschmidt, Paul,2016,.410,7.8,22.9,56.9,27.3,
Gonzalez, Marwin,2016,.290,5.4,25.8,64.3,26.5,
Altuve, Jose,2016,.395,6.9,15.4,61.2,28.4,
Hernandez, Cesar,2016,.368,1.8,20.3,58.8,29.5,
Segura, Jean,2016,.366,5.9,17.1,59.7,28.3,
Castro, Starlin,2016,.300,5.4,23.3,63.1,27.4,
Marte, Starling,2016,.361,5.4,25.7,60.5,28.9,
Donaldson, Josh,2016,.403,12.5,24.1,57.0,27.1,
Freeman, Freddie,2016,.400,13.2,29.6,58.0,26.4,
Heyward, Jason,2016,.306,2.7,17.1,55.1,27.7,
LeMahieu, DJ,2016,.411,4.9,11.6,58.4,27.1,
Lucroy, Jonathan,2016,.355,7.4,19.5,57.0,25.6,
Moreland, Mitch,2016,.298,9.6,28.5,52.9,25.6,
Rizzo, Anthony,2016,.385,9.2,19.9,57.2,25.9,
Vogt, Stephen,2016,.305,5.1,17.3,59.2,26.0,
Galvis, Freddy,2016,.271,2.8,21.0,60.1,27.6,
Perez, Salvador,2016,.288,6.3,23.4,66.8,25.9,
Forsythe, Logan,2016,.333,7.5,22.7,62.8,27.7,
Inciarte, Ender,2016,.348,0.7,11.1,60.2,27.9,
Ozuna, Marcell,2016,.321,7.8,26.6,63.2,28.0,
Villar, Jonathan,2016,.367,6.4,27.3,57.3,28.0,
Crawford, Brandon,2016,.342,5.6,26.6,56.3,26.7,
Harrison, Josh,2016,.308,2.1,20.1,66.1,27.9,
Hosmer, Eric,2016,.328,9.2,26.1,55.9,26.2,
Kipnis, Jason,2016,.340,6.7,19.7,55.2,27.3,
Miller, Brad,2016,.304,9.7,26.9,60.9,27.8,
Rendon, Anthony,2016,.348,5.9,17.0,62.4,28.1,
Semien, Marcus,2016,.300,6.7,23.7,57.0,28.4,
Shaw, Travis,2016,.306,8.0,24.4,57.4,26.2,
Springer, George,2016,.359,10.5,27.9,63.4,28.4,
Gregorius, Didi,2016,.302,2.9,18.6,61.8,28.1,
Trout, Mike,2016,.441,14.6,20.7,55.8,28.9,
Herrera, Odubel,2016,.360,4.2,24.0,58.8,27.3,
Harper, Bryce,2016,.373,7.3,23.2,50.7,27.2,
Martin, Leonys,2016,.304,5.0,30.0,65.3,27.4,
Abreu, Jose,2016,.353,7.9,23.8,59.3,25.6,
Suarez, Eugenio,2016,.317,6.3,24.9,59.2,27.4,
Polanco, Gregory,2016,.322,6.0,21.6,53.5,27.3,
Schoop, Jonathan,2016,.298,6.7,28.9,66.2,27.5,
Arenado, Nolan,2016,.362,9.0,18.9,60.2,26.3,
Gennett, Scooter,2016,.315,3.9,22.7,61.6,25.5,
Lamb, Jake,2016,.332,11.5,29.0,54.0,27.2,
Myers, Wil,2016,.336,7.0,21.8,58.0,28.0,
Piscotty, Stephen,2016,.342,8.6,25.8,62.4,27.2,
Seager, Kyle,2016,.359,9.0,18.6,55.0,25.6,
Carpenter, Matt,2016,.378,11.3,19.2,55.8,26.6,
Dickerson, Corey,2016,.292,11.1,29.1,62.4,27.4,
Dozier, Brian,2016,.339,8.3,23.4,59.3,27.8,
Iglesias, Jose,2016,.302,0.7,10.5,60.4,28.5,
Hechavarria, Adeiny,2016,.282,1.1,16.2,60.5,27.6,
Bryant, Kris,2016,.385,11.7,28.1,59.8,28.5,
Machado, Manny,2016,.343,9.3,22.3,59.9,26.1,
Realmuto, J.T.,2016,.343,3.9,19.6,63.3,28.8,
Yelich, Christian,2016,.376,9.7,24.4,55.1,28.9,
Bogaerts, Xander,2016,.356,5.3,20.0,59.1,28.3,
Calhoun, Kole,2016,.348,6.2,25.3,61.8,26.0,
Duvall, Adam,2016,.296,11.9,27.7,64.0,28.3,
Eaton, Adam,2016,.358,3.1,17.4,60.8,28.3,
Lindor, Francisco,2016,.357,4.1,17.2,59.6,27.1,
Odor, Rougned,2016,.296,7.8,23.8,61.4,27.7,
Cuthbert, Cheslor,2016,.318,2.4,23.2,62.7,26.6,
Franco, Maikel,2016,.306,6.7,24.2,61.1,26.0,
Bradley Jr., Jackie,2016,.349,8.6,26.7,59.7,27.4,
Betts, Mookie,2016,.363,5.2,14.2,60.8,27.9,
Panik, Joe,2016,.314,4.5,11.2,56.1,26.5,
Pillar, Kevin,2016,.301,3.0,18.7,64.7,28.1,
Ramirez, Jose,2016,.362,3.0,12.7,57.0,27.9,
Russell, Addison,2016,.321,9.3,29.3,64.0,28.5,
Seager, Corey,2016,.365,8.3,23.3,60.8,26.6,
Mazara, Nomar,2016,.320,6.8,20.4,58.1,26.9,
Garcia, Adonis,2016,.311,5.2,21.2,63.2,26.4,
Correa, Carlos,2016,.361,7.7,24.3,59.8,28.0,
Tomas, Yasmany,2016,.313,10.6,30.6,71.2,27.0,
Beltran, Carlos,2017,.283,4.6,19.8,63.1,25.3,
Pujols, Albert,2017,.286,5.4,20.6,55.5,21.9,
Mauer, Joe,2017,.384,4.5,12.9,57.0,26.1,
Cabrera, Miguel,2017,.329,10.5,23.1,60.7,24.9,
Phillips, Brandon,2017,.318,2.4,20.2,64.6,25.9,
Reyes, Jose,2017,.312,2.6,17.8,61.5,27.4,
Choo, Shin-Soo,2017,.355,8.6,23.2,58.2,26.3,
Molina, Yadier,2017,.311,5.9,18.8,63.2,23.8,
Cano, Robinson,2017,.338,6.1,17.8,59.9,24.2,
Encarnacion, Edwin,2017,.377,10.3,25.4,52.6,24.5,
Bautista, Jose,2017,.308,6.6,28.4,56.3,25.5,
Jones, Adam,2017,.321,6.4,24.5,59.2,27.1,
Granderson, Curtis,2017,.323,10.9,19.3,57.5,26.9,
Ramirez, Hanley,2017,.320,9.5,25.6,62.0,26.1,
Morales, Kendrys,2017,.308,9.8,29.0,59.7,23.5,
Kinsler, Ian,2017,.313,4.9,15.5,61.5,26.9,
Cruz, Nelson,2017,.375,14.2,30.5,59.4,25.5,
Trumbo, Mark,2017,.289,6.8,29.9,62.4,26.5,
Peralta, David,2017,.352,4.1,21.8,59.6,27.4,
Escobar, Alcides,2017,.269,2.2,20.8,64.7,27.7,
Longoria, Evan,2017,.313,5.2,20.9,62.8,27.1,
Cozart, Zack,2017,.385,4.4,16.0,60.9,26.0,
Reynolds, Mark,2017,.352,8.3,34.3,57.5,24.8,
Davis, Chris,2017,.309,12.8,35.3,61.6,25.1,
Headley, Chase,2017,.352,4.6,26.1,59.6,25.3,
Pence, Hunter,2017,.315,5.8,26.9,60.5,28.6,
Span, Denard,2017,.328,3.3,11.8,56.5,27.5,
Cabrera, Asdrubal,2017,.350,4.7,19.0,58.5,25.2,
Blackmon, Charlie,2017,.397,8.7,18.9,57.5,28.2,
Frazier, Todd,2017,.344,9.6,25.8,55.7,26.5,
Markakis, Nick,2017,.354,3.3,15.6,56.6,25.9,
Cain, Lorenzo,2017,.363,3.5,19.8,63.9,28.8,
McCutchen, Andrew,2017,.363,7.7,21.2,58.2,28.8,
Upton, Justin,2017,.361,13.0,30.5,58.7,28.3,
Turner, Justin,2017,.414,8.6,15.7,56.0,25.5,
Posey, Buster,2017,.400,3.5,15.9,52.6,24.7,
Bruce, Jay,2017,.324,10.5,27.6,60.0,26.3,
Votto, Joey,2017,.454,9.1,15.4,55.9,24.9,
Gardner, Brett,2017,.348,3.8,15.6,52.3,28.8,
Joyce, Matt,2017,.335,8.8,25.0,54.4,26.5,
Gordon, Alex,2017,.292,4.5,23.1,59.1,26.2,
Andrus, Elvis,2017,.337,4.2,19.6,62.7,27.3,
Cabrera, Melky,2017,.323,3.8,13.4,58.6,26.2,
Santana, Carlos,2017,.363,7.5,19.3,54.1,26.1,
Gonzalez, Carlos,2017,.339,5.9,32.1,54.9,26.9,
Mercer, Jordy,2017,.326,3.1,15.6,55.2,27.6,
Alonso, Yonder,2017,.365,9.9,26.1,52.7,24.6,
Smoak, Justin,2017,.355,13.6,23.5,56.5,24.1,
Zimmerman, Ryan,2017,.358,12.2,24.4,57.3,26.9,
Lowrie, Jed,2017,.360,6.0,18.8,60.8,26.7,
Morrison, Logan,2017,.353,12.8,28.8,57.2,26.7,
Gurriel, Yuli,2017,.332,3.4,17.6,62.1,26.9,
Solarte, Yangervis,2017,.314,3.9,15.8,63.1,24.7,
Freese, David,2017,.368,6.4,23.2,60.6,26.1,
Davis, Khris,2017,.336,17.5,33.7,58.0,26.5,
Pham, Tommy,2017,.409,9.3,20.9,58.3,28.7,
Reddick, Josh,2017,.357,3.8,15.6,54.8,27.8,
Murphy, Daniel,2017,.384,4.8,13.7,54.1,26.3,
Goldschmidt, Paul,2017,.403,13.3,26.5,58.9,26.8,
Gonzalez, Marwin,2017,.375,6.6,20.4,56.4,26.7,
Altuve, Jose,2017,.409,6.7,16.8,66.9,28.3,
Hernandez, Cesar,2017,.373,2.9,21.0,57.4,29.4,
Segura, Jean,2017,.348,3.2,15.9,59.7,27.1,
Freeman, Freddie,2017,.403,13.3,24.9,58.2,26.6,
LeMahieu, DJ,2017,.372,1.9,12.7,59.1,27.1,
Moreland, Mitch,2017,.326,12.0,25.8,53.6,25.7,
Moustakas, Mike,2017,.314,8.6,20.9,58.5,24.0,
Rizzo, Anthony,2017,.392,9.3,18.3,56.2,25.7,
Souza Jr., Steven,2017,.350,11.5,32.1,60.3,28.9,
Stanton, Giancarlo,2017,.376,17.4,31.8,53.2,27.8,
Thames, Eric,2017,.359,11.1,31.6,55.3,27.1,
Galvis, Freddy,2017,.308,2.4,17.8,58.4,27.3,
Garcia, Avisail,2017,.380,8.8,29.3,62.6,29.1,
Inciarte, Ender,2017,.348,0.5,14.6,64.2,27.2,
Ozuna, Marcell,2017,.376,8.9,26.9,62.9,27.8,
Beckham, Tim,2017,.327,9.5,31.0,62.3,28.0,
Crawford, Brandon,2017,.305,6.0,28.0,59.1,26.0,
Harrison, Josh,2017,.338,2.7,21.9,62.0,27.6,
Hosmer, Eric,2017,.385,6.8,21.7,58.1,27.1,
Rendon, Anthony,2017,.403,6.5,14.2,57.0,27.5,
Shaw, Travis,2017,.348,7.2,21.2,52.8,25.7,
Springer, George,2017,.366,9.1,23.3,56.6,28.0,
Strange-Gordon, Dee,2017,.340,0.2,14.8,65.0,29.4,
Gregorius, Didi,2017,.318,3.6,21.8,62.1,28.2,
Trout, Mike,2017,.442,13.3,18.2,59.8,29.3,
Herrera, Odubel,2017,.325,6.2,26.7,63.4,27.3,
Abreu, Jose,2017,.354,9.5,22.5,57.3,26.9,
Suarez, Eugenio,2017,.367,6.9,24.5,59.5,26.9,
Santana, Domingo,2017,.371,9.4,32.2,62.1,27.2,
Sanchez, Yolmer,2017,.315,3.4,23.9,65.5,28.4,
Schoop, Jonathan,2017,.338,6.8,28.1,61.3,27.5,
Arenado, Nolan,2017,.372,8.5,23.3,57.2,25.7,
Hamilton, Billy,2017,.297,0.4,19.6,63.0,30.1,
Joseph, Tommy,2017,.289,7.3,26.6,61.4,25.3,
Lamb, Jake,2017,.357,9.3,23.9,56.1,26.9,
Myers, Wil,2017,.328,9.1,25.9,58.6,28.5,
Seager, Kyle,2017,.323,8.6,21.0,55.8,26.1,
Carpenter, Matt,2017,.383,8.2,19.7,56.3,26.6,
Dickerson, Corey,2017,.324,7.3,28.6,61.8,27.6,
Dozier, Brian,2017,.359,8.4,24.7,57.3,27.1,
Bryant, Kris,2017,.409,9.6,24.1,57.6,28.9,
Castellanos, Nick,2017,.320,10.7,26.9,63.9,28.1,
Gamel, Ben,2017,.322,4.1,21.0,59.5,28.4,
Healy, Ryon,2017,.302,7.6,26.9,58.2,26.6,
Judge, Aaron,2017,.422,25.7,34.9,56.8,28.0,
Machado, Manny,2017,.310,10.5,21.9,59.3,26.3,
Realmuto, J.T.,2017,.332,6.3,19.2,61.5,28.6,
Rosario, Eddie,2017,.326,7.4,24.2,59.4,27.5,
Simmons, Andrelton,2017,.331,2.5,13.6,64.6,27.5,
Yelich, Christian,2017,.368,7.0,22.2,52.1,28.4,
Merrifield, Whit,2017,.324,5.1,17.5,61.7,29.2,
Bogaerts, Xander,2017,.343,1.3,20.8,62.2,28.3,
Polanco, Jorge,2017,.309,2.6,14.7,59.6,28.4,
Calhoun, Kole,2017,.333,5.4,25.8,59.9,26.4,
Duvall, Adam,2017,.301,8.9,26.0,63.7,27.7,
Schebler, Scott,2017,.307,10.2,29.4,58.2,28.3,
Baez, Javier,2017,.313,8.1,36.5,61.0,28.5,
Lindor, Francisco,2017,.335,7.1,15.4,58.5,28.0,
Odor, Rougned,2017,.252,6.0,26.0,59.9,28.1,
Story, Trevor,2017,.308,10.5,31.5,63.6,29.3,
Sanchez, Gary,2017,.345,11.8,28.4,55.6,26.1,
Kepler, Max,2017,.312,4.0,22.4,56.2,28.0,
Franco, Maikel,2017,.281,6.0,22.3,63.6,26.0,
Bradley Jr., Jackie,2017,.323,7.2,29.6,54.2,27.5,
Bell, Josh,2017,.334,6.4,23.5,55.0,27.2,
Betts, Mookie,2017,.344,4.5,15.7,56.7,27.9,
Panik, Joe,2017,.346,2.6,11.1,57.8,26.1,
Arcia, Orlando,2017,.323,4.1,25.7,64.1,27.2,
Peraza, Jose,2017,.295,1.7,15.4,63.5,28.8,
Pillar, Kevin,2017,.299,3.4,16.5,63.9,27.8,
Ramirez, Jose,2017,.374,5.0,13.6,56.0,28.0,
Bregman, Alex,2017,.351,4.5,16.5,63.3,27.6,
Gallo, Joey,2017,.333,22.1,43.4,57.5,27.8,
Seager, Corey,2017,.375,8.5,27.2,60.5,26.8,
Mazara, Nomar,2017,.323,6.5,25.7,55.0,27.0,
Swanson, Dansby,2017,.312,3.0,23.8,58.3,28.7,
Taylor, Chris,2017,.354,7.5,25.5,64.3,29.0,
Buxton, Byron,2017,.311,5.6,31.2,62.0,30.5,
Margot, Manuel,2017,.312,2.6,21.5,64.5,29.4,
Puig, Yasiel,2017,.346,8.9,24.7,58.9,28.1,
Anderson, Tim,2017,.276,5.1,29.8,66.5,28.7,
Bellinger, Cody,2017,.352,12.2,32.5,55.3,28.8,
Mancini, Trey,2017,.338,9.8,28.4,61.4,27.6,
Benintendi, Andrew,2017,.351,5.5,19.2,54.7,28.3,